,Gender,Married,Dependents,Education,Self_Employed,Credit_History,Property_Area,Loan_Status,ApplicantIncomeLog,LoanAmountLog,Total_Income_Log
0,1,1,1,1,0,1.0,0,0,8.430327258394575,4.859812404361672,8.714731714015052
1,1,1,0,1,1,1.0,1,1,8.006700845440367,4.204692619390966,8.006700845440367
2,1,1,0,0,0,1.0,1,1,7.857093864902493,4.795790545596741,8.505525386548555
3,1,0,0,1,0,1.0,1,1,8.699681400989514,4.955827057601261,8.699681400989514
4,1,1,2,1,1,1.0,1,1,8.59748202264504,5.5909869805108565,9.170975648453906
5,1,1,0,0,0,1.0,1,1,7.755338812846501,4.564348191467836,8.25582842728183
6,1,1,3,1,0,0.0,2,0,8.01862546504575,5.0689042022202315,8.61993026886735
7,1,1,2,1,0,1.0,1,1,8.295798110636145,5.1298987149230735,8.618485442898109
8,1,1,1,1,0,1.0,2,0,9.460476328353995,5.857933154483459,10.077860939480908
9,1,1,2,1,0,1.0,1,1,8.071218539969863,4.2626798770413155,8.268988209506656
10,1,1,2,1,0,1.0,1,1,7.824445930877619,4.700480365792417,8.375860015299594
11,1,1,2,1,0,1.0,1,1,8.03073492409854,5.303304908059076,9.32188174670909
12,1,0,0,1,0,1.0,0,0,7.5251007461258,4.74493212836325,8.454040376410969
13,1,1,2,1,0,1.0,1,1,7.170119543449628,2.8903717578961645,7.777373602657861
14,1,0,0,1,0,1.0,1,1,8.507344855361422,4.836281906951478,8.507344855361422
15,1,0,1,0,0,1.0,1,1,8.187855443695623,4.61512051684126,8.187855443695623
16,0,0,0,1,0,0.0,1,0,8.163656176168432,4.343805421853684,8.163656176168432
17,1,1,0,0,0,1.0,0,0,8.494538500851432,4.897839799950911,8.494538500851432
18,1,1,0,0,0,0.0,1,0,8.94389780251682,4.653960350157523,8.94389780251682
19,1,1,1,1,0,1.0,1,1,8.6921543938039,5.755742213586912,9.357121103184378
20,1,1,0,0,0,0.0,2,0,7.8636512654486515,4.762173934797756,8.414495793177895
21,1,1,1,1,0,1.0,2,0,8.220941168281389,5.0238805208462765,8.80131894766524
22,1,1,0,1,1,1.0,2,1,9.165447603085447,5.2574953720277815,9.165447603085447
23,1,1,0,1,0,1.0,2,1,7.937374696163295,4.812184355372417,8.527737405291909
24,1,1,2,0,0,1.0,1,1,8.34924780056679,4.709530201312334,8.569216219483389
25,1,0,0,0,0,1.0,1,0,7.274479558773871,3.58351893845611,7.274479558773871
26,0,0,2,1,0,1.0,2,1,8.229777750081887,4.795790545596741,8.671458150427666
27,1,1,1,1,0,1.0,1,0,8.334951631422454,5.308267697401205,8.927446816256198
28,1,0,0,1,0,1.0,1,0,8.060855752934316,4.31748811353631,8.060855752934316
29,1,0,1,1,1,1.0,0,0,8.453827315794417,4.672828834461906,8.453827315794417
30,1,1,0,1,0,1.0,2,1,8.160803920954665,4.74493212836325,8.550241045462437
31,1,0,3,1,0,1.0,0,0,9.433563920090563,5.771441123130016,9.648659816955295
32,0,1,0,1,0,1.0,2,1,8.207401833376355,4.976733742420574,8.5422759717837
33,1,0,0,1,0,1.0,1,1,8.334951631422454,5.220355825078324,9.339349052539717
34,1,0,0,0,0,1.0,2,1,8.229244416735913,4.709530201312334,8.597297435657898
35,1,0,0,1,0,1.0,1,0,8.188966863648876,4.394449154672439,8.188966863648876
36,1,0,0,1,0,1.0,1,1,7.496097345175956,3.871201010907891,8.01102337918644
37,1,1,0,1,0,1.0,1,1,7.783640596221253,4.330733340286331,7.783640596221253
38,1,1,0,1,0,1.0,2,1,8.279443487712665,4.90527477843843,8.744806737401898
39,1,1,1,1,0,1.0,1,1,8.639410824140487,3.8066624897703196,8.639410824140487
40,1,1,0,1,0,1.0,1,1,8.669399124305569,4.976733742420574,8.669399124305569
41,0,1,0,1,0,0.0,1,0,7.880804344674901,4.795790545596741,8.713746330456916
42,0,0,0,1,0,1.0,2,1,8.294299608857235,4.976733742420574,8.744488113852924
43,0,1,0,0,0,1.0,2,1,7.564757012905729,4.61512051684126,8.181160858023409
44,0,0,0,1,0,1.0,2,1,8.034955024502159,4.795790545596741,8.034955024502159
45,0,0,0,1,0,1.0,2,0,8.350193650720067,4.727387818712341,8.350193650720067
46,1,1,2,1,0,1.0,1,0,8.43750042250699,4.90527477843843,8.43750042250699
47,0,1,1,1,1,0.0,1,0,9.350189267092581,5.659482215759621,9.350189267092581
48,1,1,2,1,0,1.0,2,1,7.904334842085095,4.584967478670572,8.262558973010657
49,1,1,0,1,0,1.0,2,1,7.665284718471351,4.574710978503383,8.222553638396958
50,1,1,0,1,0,1.0,0,0,8.121777419161074,4.912654885736052,8.624611588183507
51,1,1,1,1,0,1.0,1,1,8.997270906233448,5.198497031265826,9.242904362849446
52,1,1,2,0,0,1.0,1,1,8.119100837637486,4.976733742420574,8.735042754269337
53,1,1,0,1,0,1.0,1,1,7.824445930877619,4.795790545596741,8.747828608488742
54,1,1,3,1,0,1.0,1,1,8.016317898503415,4.605170185988092,8.016317898503415
55,1,1,0,0,1,0.0,0,0,7.867105500316739,5.111987788356544,8.70930004894499
56,0,0,0,1,0,0.0,2,0,8.334951631422454,4.762173934797756,8.334951631422454
57,1,1,0,1,0,1.0,2,0,8.652947112393857,5.556828061699537,9.242032818708672
58,1,0,0,0,0,0.0,1,0,8.071218539969863,4.844187086458591,8.604287898267172
59,1,1,1,1,0,1.0,1,1,9.282754052485227,5.746203190540153,9.282754052485227
60,1,1,3,0,1,1.0,1,1,8.867990898182093,4.836281906951478,8.867990898182093
61,0,0,0,1,0,0.0,2,0,8.366602832783736,4.919980925828125,8.366602832783736
62,1,1,0,1,0,1.0,1,1,8.073714641109857,5.153291594497779,8.744328763999984
63,1,1,2,0,1,1.0,2,1,7.53689712956617,4.584967478670572,8.229777750081887
64,1,0,0,1,0,1.0,2,1,8.160803920954665,4.406719247264253,8.160803920954665
65,1,1,3,1,1,1.0,2,1,8.569216219483389,5.236441962829949,8.859505484519133
66,1,0,0,1,0,1.0,1,0,8.229777750081887,4.736198448394496,8.229777750081887
67,1,0,0,1,0,1.0,1,0,8.229777750081887,5.176149732573829,9.04793908261736
68,1,1,1,1,1,1.0,1,0,6.90875477931522,4.709530201312334,8.299783171949787
69,1,1,3,1,0,0.0,2,0,8.060855752934316,5.198497031265826,8.877381954654766
70,1,1,3,0,1,1.0,2,1,8.111928063310739,4.875197323201151,8.612503371220562
71,0,0,0,1,0,1.0,2,1,8.255048902752295,4.718498871295094,8.255048902752295
72,0,1,2,1,0,1.0,1,0,7.229113877793302,5.123963979403259,8.089482474360754
73,1,1,0,1,0,1.0,2,0,8.699681400989514,5.583496308781699,9.018089684104343
74,1,1,1,1,0,1.0,1,1,8.291295851905407,3.9318256327243257,8.291295851905407
75,1,0,0,1,0,1.0,2,1,7.769378609513984,4.919980925828125,8.496582237512113
76,1,1,2,0,0,1.0,2,1,8.111928063310739,4.605170185988092,8.58185670474196
77,1,1,0,1,0,1.0,2,1,7.824445930877619,4.653960350157523,8.437933510430605
78,1,0,0,1,0,1.0,1,1,9.055672891964043,5.351858133476067,9.055672891964043
79,1,1,0,1,0,1.0,2,1,8.647519453091812,5.170483995038151,9.196545660953994
80,1,1,0,1,0,1.0,2,1,7.99260665240021,4.882801922586371,8.675734219544788
81,1,1,2,1,0,1.0,2,1,8.740496729931813,5.241747015059643,9.384713758920963
82,1,1,2,0,0,1.0,1,1,8.09376775793108,4.406719247264253,8.535818655539403
83,1,0,0,1,0,1.0,2,1,8.327000740241713,4.812184355372417,8.327000740241713
84,1,0,0,0,0,1.0,2,1,8.19450550976564,3.258096538021482,8.19450550976564
85,0,1,0,1,0,1.0,2,1,7.818027938530729,4.927253685157205,8.473659189392508
86,1,1,0,1,0,1.0,2,1,7.589841512182657,3.9318256327243257,7.99799931797973
87,1,1,0,0,0,1.0,2,1,8.340217320947035,4.7535901911063645,8.340217320947035
88,1,1,0,1,0,1.0,2,1,7.473069088032197,4.882801922586371,8.575650760987806
89,1,1,2,0,0,1.0,1,1,8.36380888451688,4.897839799950911,8.929567707825337
90,1,0,0,1,0,1.0,2,1,8.485496104672983,5.0238805208462765,9.065314599925925
91,1,1,1,1,0,1.0,1,1,8.023879992734878,4.61512051684126,8.314587291319576
92,1,1,2,1,0,1.0,1,1,9.342946336524205,5.420534999272286,9.436997742590188
93,1,0,0,0,0,1.0,0,0,8.900276348631271,4.795790545596741,8.900276348631271
94,1,1,2,1,0,0.0,1,0,8.24301946898925,5.37989735354046,8.909370405197466
95,1,1,3,0,0,1.0,2,1,7.6362696033793735,4.553876891600541,7.946617563244473
96,1,0,0,1,0,1.0,1,1,8.57866451350434,4.919980925828125,8.57866451350434
97,0,1,0,1,0,1.0,2,1,7.982757702011113,4.941642422609304,8.56845648535378
98,1,0,0,1,0,1.0,2,1,8.527341522468053,4.77912349311153,8.527341522468053
99,1,1,1,1,0,1.0,0,1,9.5876803163585,5.225746673713202,9.5876803163585
100,0,1,0,1,0,1.0,2,1,8.060855752934316,5.043425116919247,8.603554357064281
101,1,1,1,1,0,1.0,1,1,7.703007682479236,4.454347296253507,8.19229373114764
102,1,1,0,1,0,1.0,0,0,8.624970783589669,5.170483995038151,8.95040315983296
103,0,0,0,1,0,1.0,1,1,9.250426095515468,5.560681631015528,9.250426095515468
104,0,0,0,1,0,1.0,2,1,8.334951631422454,3.8066624897703196,8.334951631422454
105,0,0,0,1,0,0.0,2,1,7.6676260915849905,4.927253685157205,9.316320695513415
106,1,1,2,1,0,1.0,2,1,7.992268643270745,4.406719247264253,7.992268643270745
107,1,1,0,0,0,1.0,0,1,8.366602832783736,5.272999558563747,8.750683034784592
108,0,0,0,1,0,1.0,0,1,8.214194414852564,4.543294782270004,8.214194414852564
109,1,1,1,1,1,0.0,1,0,9.260462981379394,5.081404364984463,9.572480355345974
110,1,1,0,1,0,1.0,0,0,8.71292443512011,5.209486152841421,9.065314599925925
111,1,0,0,1,1,1.0,1,1,9.911802884139842,6.478509642208569,9.911802884139842
112,1,0,0,1,0,1.0,1,1,7.608374474380783,4.31748811353631,8.279950715722526
113,1,0,0,1,0,1.0,2,1,7.908019444632471,4.2626798770413155,7.908019444632471
114,1,1,0,1,1,1.0,2,1,8.14902386805177,3.258096538021482,8.14902386805177
115,1,0,0,1,0,1.0,2,1,8.496173824192162,4.634728988229636,8.496173824192162
116,1,1,3,1,0,1.0,2,0,8.294299608857235,5.673323267171493,9.371693622333941
117,0,1,0,1,0,1.0,0,0,8.430327258394575,4.442651256490317,8.430327258394575
118,1,1,2,1,1,1.0,1,1,8.106816038947052,4.48863636973214,8.827174771362785
119,1,0,0,1,0,0.0,2,0,9.615805480084347,5.493061443340548,9.615805480084347
120,1,1,2,0,0,1.0,0,0,8.343077871169383,4.867534450455582,8.636042325254618
121,1,1,2,1,0,1.0,0,0,8.525756422076725,5.225746673713202,8.871505346165781
122,1,0,0,1,0,1.0,1,1,8.59748202264504,5.1298987149230735,8.59748202264504
123,1,0,0,1,1,1.0,2,1,8.846640813100485,5.170483995038151,8.846640813100485
124,1,1,0,1,0,1.0,2,1,7.900636613018005,4.812184355372417,8.462314529906248
125,1,1,2,1,0,1.0,1,1,9.3722891389622,5.236441962829949,9.3722891389622
126,0,1,0,1,0,1.0,2,1,7.754052639035757,4.61512051684126,8.827174771362785
127,0,1,2,1,0,1.0,1,1,9.60689927061335,4.2626798770413155,9.60689927061335
128,1,1,1,1,0,1.0,1,1,7.338888133838879,3.4339872044851463,7.994294986415977
129,0,0,0,1,0,1.0,0,0,9.210440366976517,5.420534999272286,9.364519622823858
130,1,1,0,1,0,1.0,2,1,8.488999457045455,4.836281906951478,8.646641258603124
131,1,0,0,1,0,0.0,0,0,8.744806737401898,4.77912349311153,8.744806737401898
132,1,1,0,1,1,1.0,0,1,7.8547691834991324,5.030437921392435,8.75273950944749
133,1,0,0,1,0,1.0,1,0,9.123365357961776,5.501258210544727,9.123365357961776
134,1,1,2,0,0,1.0,0,0,7.732807530422021,4.736198448394496,7.732807530422021
135,1,0,0,1,0,1.0,1,1,8.08794755464267,3.9318256327243257,8.08794755464267
136,1,1,3,1,0,0.0,2,1,10.596634733096073,6.398594934535208,10.596634733096073
137,1,1,1,1,0,1.0,0,1,8.699681400989514,5.081404364984463,8.699681400989514
138,1,1,1,1,0,1.0,1,1,9.163143937145207,5.236441962829949,9.163143937145207
139,1,0,0,1,0,1.0,0,1,8.000014093678072,4.795790545596741,8.529911963824013
140,1,1,0,1,0,1.0,2,1,8.430327258394575,5.545177444479562,9.231024963169016
141,1,1,0,0,0,1.0,2,1,7.530479995245536,4.59511985013459,7.974188669286011
142,1,1,0,1,0,1.0,1,0,8.978912601074276,5.62040086571715,8.978912601074276
143,1,1,1,1,0,0.0,2,0,8.035926369891792,4.804021044733257,8.382518288089635
144,1,1,2,1,0,1.0,0,1,8.335191583433202,5.0689042022202315,8.633196867172543
145,1,1,0,1,0,1.0,1,1,9.140347000155648,4.330733340286331,9.140347000155648
146,0,1,0,1,0,1.0,0,0,8.430327258394575,4.727387818712341,8.430327258394575
147,1,1,0,1,0,1.0,0,1,7.799753318287247,4.867534450455582,8.660947155060933
148,1,0,0,1,0,0.0,2,0,7.71333788887187,4.1588830833596715,7.71333788887187
149,1,1,2,1,0,1.0,2,1,8.987321812850125,5.303304908059076,8.987321812850125
150,1,1,0,0,0,1.0,0,1,7.507141079727608,4.564348191467836,8.185907481482324
151,1,1,3,0,0,1.0,0,0,8.167068178341237,4.406719247264253,8.167068178341237
152,1,1,0,1,0,1.0,2,1,8.64979915596426,5.236441962829949,9.335562336729565
153,1,1,0,0,1,1.0,2,0,8.376781037699493,4.477336814478207,8.533263371593732
154,1,1,0,1,0,1.0,0,1,8.159946655578548,4.762173934797756,8.60557030203365
155,1,1,2,1,0,1.0,0,1,7.6236419465115715,4.624972813284271,8.206583614320753
156,1,1,3,1,0,0.0,2,0,8.61558951327243,6.206575926724928,9.73014555852275
157,1,1,1,1,0,1.0,2,1,8.229777750081887,4.762173934797756,8.229777750081887
158,1,0,0,0,0,0.0,1,0,7.755338812846501,4.634728988229636,8.23880116587155
159,1,1,1,1,0,0.0,1,0,8.764209507142004,5.198497031265826,9.521568058002977
160,1,0,0,1,0,1.0,0,0,7.558516743045645,4.219507705176107,8.850804195756417
161,1,1,0,1,0,1.0,2,1,8.434028950155469,4.30406509320417,8.434028950155469
162,1,1,1,1,0,1.0,2,0,10.429605648120413,5.564520407322694,10.429605648120413
163,0,1,0,1,0,1.0,2,1,8.195885391314796,4.6913478822291435,8.195885391314796
164,1,1,0,1,1,1.0,2,1,10.57510461454571,4.795790545596741,10.6896240399389
165,1,1,1,1,1,0.0,0,0,7.68662133494462,4.204692619390966,7.68662133494462
166,1,1,0,1,0,1.0,0,1,7.776535028185241,4.07753744390572,8.416709652837914
167,1,1,0,1,0,1.0,0,1,9.140883106960962,5.241747015059643,9.140883106960962
168,1,0,0,0,0,1.0,0,1,8.494129251817686,3.8918202981106265,8.494129251817686
169,1,0,0,1,0,1.0,2,0,9.392745258631441,5.10594547390058,9.392745258631441
170,1,1,0,0,0,1.0,1,0,8.705165419719007,5.081404364984463,8.705165419719007
171,1,0,0,1,0,1.0,2,1,8.258163361537619,4.343805421853684,8.258163361537619
172,1,0,0,1,0,1.0,0,1,8.340933226000878,4.795790545596741,8.340933226000878
173,1,1,1,1,0,1.0,2,0,8.047509510981422,5.14166355650266,8.64979915596426
174,1,0,0,1,0,1.0,0,1,9.0280988119824,5.236441962829949,9.399637542506563
175,0,1,0,1,0,1.0,2,1,8.136518252115291,4.736198448394496,8.73761303680885
176,1,0,0,1,1,1.0,1,0,9.305741456739435,4.430816798843313,9.305741456739435
177,1,1,1,0,0,1.0,2,1,7.8636512654486515,4.51085950651685,8.537191877922927
178,1,0,2,1,0,0.0,2,1,8.501876487304344,5.117993812416755,8.501876487304344
179,1,1,1,0,0,1.0,1,1,8.160803920954665,4.912654885736052,8.430327258394575
180,1,1,2,0,0,1.0,2,1,8.273336598504486,4.8283137373023015,8.273336598504486
181,0,0,0,0,0,1.0,2,1,8.391403185357937,4.795790545596741,8.391403185357937
182,0,0,0,1,0,1.0,1,1,8.08487062913819,4.394449154672439,8.08487062913819
183,1,0,0,0,0,1.0,0,1,8.288031567776464,4.02535169073515,8.780633799494984
184,1,0,0,1,0,1.0,1,1,7.8160138391590275,4.0943445622221,7.8160138391590275
185,1,0,0,1,0,1.0,2,0,8.137103389639302,4.852030263919617,8.137103389639302
186,0,0,0,1,0,1.0,2,0,9.210440366976517,5.3706380281276624,9.210440366976517
187,1,1,3,1,0,0.0,2,0,8.14060704285845,4.859812404361672,8.45126704130007
188,1,1,1,1,1,1.0,1,1,8.960339366492091,5.484796933490655,8.960339366492091
189,1,1,3,0,1,1.0,0,1,8.648922962094131,4.875197323201151,8.648922962094131
190,1,1,0,1,0,1.0,1,1,8.062747901086354,4.927253685157205,8.731497794063243
191,1,1,3,0,0,1.0,2,1,8.25608813381491,4.61512051684126,8.483429561263428
192,1,1,0,1,0,1.0,0,0,5.017279836814924,4.912654885736052,7.576097340623111
193,1,1,0,1,0,1.0,2,1,8.223627175805483,4.882801922586371,8.613048677059759
194,1,1,2,1,0,0.0,2,0,8.517393171418904,4.290459441148391,8.517393171418904
195,0,1,2,1,0,1.0,2,1,8.36264243156764,4.852030263919617,8.80492526261806
196,1,1,0,1,0,0.0,1,0,7.706162970199576,4.110873864173311,7.706162970199576
197,1,1,2,1,0,1.0,2,1,8.296546520300614,4.762173934797756,8.652947112393857
198,1,0,0,1,0,1.0,2,1,7.99699040583765,4.976733742420574,8.659213451436667
199,1,1,0,1,0,1.0,2,1,8.740496729931813,4.859812404361672,8.740496729931813
200,1,1,0,1,0,1.0,0,0,8.086717920303906,5.14166355650266,8.086717920303906
201,1,1,2,1,0,1.0,2,1,8.740496729931813,5.351858133476067,8.980423936374544
202,1,0,0,1,1,1.0,0,1,8.764209507142004,5.303304908059076,8.764209507142004
203,1,1,1,1,0,1.0,2,1,7.820840879907344,4.653960350157523,8.422003004412488
204,1,1,0,1,0,1.0,0,1,8.220672170297252,3.7612001156935624,8.220672170297252
205,0,0,0,1,0,1.0,2,1,9.0280988119824,5.638354669333745,9.0280988119824
206,1,1,1,1,0,1.0,2,1,8.057060681965766,4.948759890378168,8.504107951867582
207,1,1,1,1,0,1.0,0,1,8.612685172875459,5.14166355650266,8.818926087090677
208,1,1,0,1,0,1.0,1,0,8.656433258507741,5.545177444479562,8.656433258507741
209,0,0,0,1,1,1.0,1,1,8.150179269682326,4.812184355372417,8.150179269682326
210,0,0,1,1,0,1.0,0,1,8.246171559857563,4.727387818712341,8.246171559857563
211,1,1,1,1,0,1.0,2,1,8.106514516255185,4.574710978503383,8.106514516255185
212,1,1,2,1,0,1.0,0,1,8.669055540725484,4.795790545596741,9.289151552400472
213,1,1,1,0,0,1.0,1,0,7.828436359157585,4.948759890378168,8.410498452745275
214,1,0,0,1,0,1.0,1,1,7.994969522697877,5.049856007249537,9.067277989134345
215,1,1,2,1,1,1.0,0,1,8.740496729931813,4.6913478822291435,8.929435283803425
216,1,1,0,0,0,1.0,2,1,8.133587417660966,4.820281565605037,8.964951211714654
217,1,0,0,1,1,1.0,1,0,8.707978826622321,4.795790545596741,9.248021438943871
218,1,1,2,1,0,1.0,1,1,9.180293450623886,4.727387818712341,9.180293450623886
219,1,1,1,0,0,1.0,1,1,8.796187635470453,4.927253685157205,8.796187635470453
220,1,1,1,1,0,1.0,2,1,7.9665866976384025,4.820281565605037,8.460834457746854
221,1,1,0,1,0,1.0,1,1,7.501082124259871,4.51085950651685,8.210124405164267
222,1,1,0,0,0,0.0,2,0,7.419979923661835,5.308267697401205,8.62317351495347
223,0,0,2,1,0,1.0,1,0,8.13973227971767,4.9344739331306915,8.13973227971767
224,1,0,0,0,1,1.0,0,1,7.857093864902493,4.653960350157523,8.46611040118692
225,1,1,1,0,0,1.0,2,1,7.8868329989550565,5.634789603169249,9.186355009225672
226,1,0,0,1,1,0.0,1,0,9.69590972432601,5.262690188904886,9.69590972432601
227,0,0,3,1,0,1.0,0,1,8.03398273468322,5.545177444479562,8.03398273468322
228,1,0,0,0,0,0.0,0,0,8.707152175339404,4.7535901911063645,8.707152175339404
229,1,1,3,1,0,1.0,1,0,8.566173813637858,4.553876891600541,8.566173813637858
230,1,1,0,1,0,1.0,0,0,9.594513744616725,5.720311776607412,9.728181330636078
231,1,1,3,0,0,1.0,2,0,8.503499864284235,4.859812404361672,8.503499864284235
232,1,1,1,1,0,1.0,1,1,8.713417653379183,5.802118375377063,9.24319470884713
233,1,0,0,1,0,1.0,2,1,7.630946580890459,4.90527477843843,8.35936910622267
234,0,0,1,1,0,1.0,2,0,8.155362120328135,5.049856007249537,8.155362120328135
235,0,0,0,1,0,1.0,0,1,8.881975184248867,4.795790545596741,8.881975184248867
236,1,0,0,1,1,1.0,2,1,8.550047528287184,4.859812404361672,8.550047528287184
237,1,0,0,1,0,1.0,0,1,8.317766166719343,5.0238805208462765,8.928375259853631
238,1,1,2,1,0,1.0,2,1,8.457230850243555,5.017279836814924,8.715388097366482
239,1,1,3,1,0,0.0,1,1,8.374246182096304,5.081404364984463,8.723394022000136
240,0,0,0,1,0,1.0,0,0,8.137103389639302,4.912654885736052,8.137103389639302
241,0,0,1,1,0,1.0,1,1,7.964503363551548,4.51085950651685,8.39773375137891
242,0,0,0,1,0,1.0,1,1,8.08271113423758,3.4339872044851463,8.08271113423758
243,1,1,0,1,0,1.0,1,1,9.318925682389624,4.919980925828125,9.318925682389624
244,1,0,0,1,0,1.0,0,1,7.949444420250626,4.844187086458591,8.453401058328458
245,1,1,0,1,0,1.0,2,1,7.8713112033234065,5.017279836814924,8.485496104672983
246,1,1,2,1,0,1.0,2,1,8.268988209506656,4.51085950651685,8.268988209506656
247,1,1,1,1,0,1.0,2,1,7.919719760924575,4.7535901911063645,8.432288684325794
248,1,1,0,1,0,1.0,2,1,8.29254851397576,5.337538079701318,8.891236429516061
249,1,1,0,1,0,1.0,1,1,8.04044688130311,4.394449154672439,8.390268497842571
250,1,1,0,1,0,1.0,2,1,9.5876803163585,6.07993319509559,9.5876803163585
251,0,1,0,0,0,1.0,0,1,8.31898612539206,4.8283137373023015,8.31898612539206
252,1,0,1,0,1,0.0,1,0,8.307459327011946,5.0689042022202315,8.776475789346321
253,1,1,0,1,0,1.0,2,1,8.275885669474356,4.727387818712341,8.461257559085935
254,1,1,2,1,0,1.0,1,1,7.741533589281828,4.3694478524670215,8.097973923364721
255,0,0,0,1,0,1.0,1,1,7.502186486602924,4.007333185232471,8.154212694914229
256,1,0,0,1,0,1.0,0,1,8.058010800802085,4.499809670330265,8.734238184268579
257,0,0,0,1,1,1.0,2,0,7.8636512654486515,4.605170185988092,8.370547611074752
258,1,1,0,1,0,1.0,0,1,8.217438537730187,4.795790545596741,8.649098262296176
259,0,0,0,1,0,1.0,2,1,8.324821298768782,4.7535901911063645,8.324821298768782
260,1,0,0,1,0,1.0,0,1,9.159993997539445,5.236441962829949,9.159993997539445
261,1,1,0,1,0,1.0,0,1,8.031385330625534,4.941642422609304,8.61104776688786
262,1,1,2,1,0,0.0,2,0,8.38958706681109,4.852030263919617,8.38958706681109
263,1,1,2,1,0,1.0,1,1,8.056426767522984,4.90527477843843,8.458292083496076
264,1,1,0,1,0,1.0,2,1,7.776535028185241,5.153291594497779,8.651374372882257
265,1,1,3,1,0,1.0,1,1,8.393216011596527,4.709530201312334,8.64241515616962
266,1,1,1,1,0,1.0,2,1,8.83579236650274,5.303304908059076,8.83579236650274
267,0,1,1,1,0,1.0,1,1,8.448271745949816,4.912654885736052,8.448271745949816
268,0,0,0,1,0,1.0,0,0,8.517393171418904,5.0238805208462765,8.928242677818302
269,1,1,1,1,0,1.0,1,0,7.608374474380783,4.736198448394496,8.505120610181969
270,1,1,0,0,0,0.0,1,0,7.496097345175956,4.543294782270004,8.462737005620179
271,0,0,0,1,0,1.0,0,1,8.517393171418904,4.890349128221754,8.517393171418904
272,1,1,1,1,0,1.0,1,1,7.3938782901077555,4.574710978503383,8.14002395246292
273,1,0,0,1,0,1.0,0,1,8.294299608857235,4.948759890378168,8.77971129020447
274,0,0,0,1,0,1.0,0,1,8.232971790593437,4.912654885736052,8.599510233905452
275,0,0,0,1,0,0.0,1,0,7.783640596221253,4.653960350157523,8.357962965845681
276,1,0,0,1,0,1.0,0,0,9.915119636765835,6.175867270105761,9.915119636765835
277,1,1,2,0,0,1.0,0,1,8.944811104165534,5.225746673713202,8.944811104165534
278,0,0,0,1,0,1.0,2,1,7.978653729082731,4.442651256490317,7.978653729082731
279,1,0,0,0,0,1.0,2,1,7.982074875081202,4.718498871295094,8.581669210600602
280,0,0,0,1,0,1.0,0,1,7.827240901752812,4.04305126783455,7.827240901752812
281,1,1,2,1,1,1.0,0,1,8.656433258507741,4.976733742420574,8.656433258507741
282,1,1,1,0,0,1.0,1,1,8.131530710604252,4.718498871295094,8.525161361065415
283,1,1,2,1,0,1.0,2,1,8.220941168281389,4.795790545596741,8.220941168281389
284,1,1,0,1,0,1.0,1,1,7.629975707027789,4.48863636973214,8.341171747170762
285,0,0,1,1,0,1.0,2,1,8.17244681834278,4.727387818712341,8.17244681834278
286,1,1,1,1,1,1.0,0,0,9.210440366976517,5.049856007249537,9.210440366976517
287,1,1,0,1,0,1.0,2,1,7.783640596221253,4.7535901911063645,8.426830751335846
288,1,1,3,1,0,1.0,2,1,8.376320632534823,4.8283137373023015,8.418918622147897
289,0,0,0,1,0,1.0,0,1,8.06054004653864,4.890349128221754,8.72453251118548
290,1,1,3,1,0,1.0,0,1,9.61587214452889,5.707110264748875,9.61587214452889
291,1,1,1,1,1,0.0,0,0,9.067277989134345,5.932245187448011,9.521494800613105
292,1,0,0,1,0,0.0,0,1,8.500657222776137,4.875197323201151,8.500657222776137
293,1,1,0,1,1,1.0,2,1,8.66888370465667,5.220355825078324,8.984568369308281
294,0,1,0,1,0,1.0,1,0,8.374246182096304,4.709530201312334,8.82246957226897
295,0,0,0,1,0,1.0,1,1,7.824445930877619,4.219507705176107,7.824445930877619
296,1,0,1,1,0,1.0,1,1,8.385944904806284,4.770684624465665,8.728749873478527
297,1,0,0,1,0,1.0,2,1,7.984803389734406,4.59511985013459,7.984803389734406
298,1,1,0,1,0,1.0,1,1,11.056240743970491,6.19644412779452,11.056240743970491
299,1,1,1,1,0,1.0,0,1,8.566173813637858,5.081404364984463,8.68929604801586
300,1,1,2,1,1,1.0,0,1,7.824445930877619,5.176149732573829,8.867990898182093
301,0,0,0,1,0,1.0,2,1,8.333510708982942,4.276666119016055,8.333510708982942
302,1,1,3,0,0,1.0,0,0,7.881559917056899,5.159055299214529,8.351138607086154
303,0,0,0,1,0,1.0,0,0,7.774435510302958,3.8501476017100584,7.774435510302958
304,1,1,1,0,0,1.0,1,1,8.423980809694058,5.0689042022202315,8.6628507638386
305,1,1,3,0,0,1.0,2,1,8.062747901086354,4.31748811353631,8.062747901086354
306,1,1,2,1,0,1.0,0,1,7.857093864902493,4.836281906951478,8.499843553081124
307,1,1,0,1,0,1.0,2,1,7.824046010856292,5.081404364984463,8.508757712595136
308,1,1,2,0,0,1.0,1,1,8.03398273468322,4.844187086458591,8.566364235422688
309,1,1,0,1,0,1.0,2,1,8.753687227098585,5.560681631015528,9.29807648628027
310,1,1,0,1,0,1.0,0,1,7.873217054862741,5.236441962829949,9.091106284052485
311,1,1,0,1,0,1.0,2,1,9.114269903225448,5.43372200355424,9.114269903225448
312,1,0,0,1,0,1.0,0,0,9.076923258535832,5.733341276897746,9.466376966592419
313,1,1,3,1,0,1.0,0,1,7.888709524182015,4.564348191467836,8.465899897028686
314,0,1,0,1,1,0.0,0,0,8.612685172875459,4.663439094112067,8.612685172875459
315,0,1,0,1,0,1.0,2,1,7.793174347189205,4.875197323201151,7.982416346827733
316,1,1,2,1,0,1.0,0,1,9.0280988119824,5.111987788356544,9.350189267092581
317,1,1,1,1,0,1.0,1,0,8.262558973010657,4.219507705176107,8.262558973010657
318,1,1,0,0,0,0.0,1,0,8.006700845440367,4.61512051684126,8.448271745949816
319,1,1,3,1,0,1.0,2,1,8.550241045462437,5.303304908059076,9.028218795184895
320,0,0,1,1,0,1.0,2,0,8.460411177317253,4.406719247264253,8.460411177317253
321,1,1,2,1,0,1.0,2,1,8.517393171418904,5.4680601411351315,9.067393362656249
322,1,1,0,1,0,1.0,1,1,8.46611040118692,4.875197323201151,8.865593998902725
323,1,1,0,1,0,1.0,1,1,8.01102337918644,4.564348191467836,8.707317560273212
324,1,0,0,1,1,1.0,0,1,8.828054536815424,4.955827057601261,8.828054536815424
325,1,0,0,0,0,1.0,0,0,8.735042754269337,4.897839799950911,8.735042754269337
326,1,0,0,1,0,1.0,2,0,7.824445930877619,4.574710978503383,7.824445930877619
327,1,1,1,1,0,1.0,2,1,8.752423403865594,5.170483995038151,8.752423403865594
328,1,1,0,1,0,1.0,0,0,9.889946281969461,6.3473892096560105,10.126511096649761
329,0,0,0,1,1,1.0,2,1,9.66523036341187,4.02535169073515,9.66523036341187
330,1,1,2,1,0,1.0,2,1,8.55371796609861,5.049856007249537,8.55371796609861
331,1,1,2,1,1,1.0,0,1,9.140347000155648,5.942799375126701,9.752490228984199
332,1,0,1,1,0,0.0,1,0,8.027150106832774,4.718498871295094,8.527143522269405
333,0,0,0,1,0,1.0,1,1,7.9247959139564355,4.709530201312334,8.348537825386098
334,1,1,0,1,0,1.0,1,1,8.480114183174816,4.795790545596741,8.655388690167637
335,1,1,3,1,0,1.0,0,1,9.076923258535832,4.875197323201151,9.52857589747142
336,1,1,0,1,0,1.0,2,1,8.368925174747135,4.875197323201151,8.368925174747135
337,1,0,0,1,0,1.0,1,0,8.029432840581244,4.276666119016055,8.029432840581244
338,1,1,2,1,0,1.0,1,1,8.592671652592143,4.875197323201151,8.592671652592143
339,1,1,0,1,0,1.0,2,1,8.111928063310739,4.859812404361672,8.671458150427666
340,1,0,0,1,0,1.0,2,1,8.689801056022553,5.6937321388027,9.22759072538271
341,0,0,0,1,0,1.0,1,1,8.699681400989514,5.056245805348308,8.699681400989514
342,1,0,0,1,1,1.0,1,1,8.877381954654766,4.859812404361672,8.877381954654766
343,1,1,2,1,0,1.0,1,0,8.426611813185,4.61512051684126,8.426611813185
344,1,0,1,1,0,1.0,1,1,8.207401833376355,4.736198448394496,8.207401833376355
345,1,0,0,0,0,1.0,2,1,7.760893195851024,4.890349128221754,8.280711075662847
346,1,1,0,1,0,1.0,1,1,7.755338812846501,4.919980925828125,8.46611040118692
347,1,1,0,1,0,1.0,0,1,8.610501368549889,4.836281906951478,8.610501368549889
348,1,0,3,1,0,1.0,0,1,9.12347443895452,5.225746673713202,9.12347443895452
349,1,1,3,1,0,1.0,0,1,9.15957325492253,5.62040086571715,9.15957325492253
350,1,1,0,1,0,1.0,1,1,7.857093864902493,4.795790545596741,8.455104999102815
351,1,1,2,0,0,1.0,2,1,7.597897950521784,4.736198448394496,8.193953023563742
352,1,1,2,1,0,1.0,1,1,8.03947991910045,4.736198448394496,8.412054873292933
353,1,1,2,1,0,1.0,2,1,8.094683648698815,4.912654885736052,8.232440158470336
354,0,0,0,1,0,0.0,1,0,8.064950891749143,4.276666119016055,8.064950891749143
355,1,1,0,1,0,1.0,1,1,8.017637159908478,4.564348191467836,8.41027590907016
356,1,0,0,0,0,1.0,0,1,8.269500767180615,4.700480365792417,8.624970783589669
357,0,0,0,1,0,0.0,2,0,7.313886831633462,4.6443908991413725,8.101980731853192
358,1,1,2,0,0,0.0,1,0,7.969011781106478,3.828641396489095,7.969011781106478
359,1,0,0,0,0,1.0,0,0,7.9215356321335495,4.189654742026425,7.9215356321335495
360,1,0,0,1,0,1.0,2,1,7.824445930877619,4.6443908991413725,10.021315031649332
361,0,0,0,0,0,1.0,2,1,7.582738488914411,3.9889840465642745,7.582738488914411
362,0,0,0,1,1,1.0,0,0,8.914894908906568,5.272999558563747,8.914894908906568
363,0,0,0,1,0,1.0,2,1,8.422442854870427,4.7535901911063645,8.422442854870427
364,1,1,0,0,0,1.0,1,1,7.681560362559537,4.7535901911063645,8.426830751335846
365,0,0,0,0,0,1.0,0,1,7.7025561132685825,4.204692619390966,7.7025561132685825
366,1,1,1,1,0,0.0,2,0,9.024131268455035,5.030437921392435,9.024131268455035
367,1,1,3,1,0,0.0,0,0,11.302216779257382,5.8888779583328805,11.302216779257382
368,0,0,1,0,1,1.0,2,0,8.260492856573185,4.143134726391533,8.260492856573185
369,1,1,0,1,0,1.0,1,1,8.741456115998364,5.081404364984463,8.741456115998364
370,1,1,0,0,0,0.0,0,0,8.715552125907816,5.389071729816501,8.715552125907816
371,1,1,0,0,0,1.0,0,1,7.720461694599722,4.709530201312334,8.363342466597977
372,0,1,0,0,0,0.0,2,0,7.673223121121708,5.187385805840755,8.591743922680534
373,0,0,0,1,0,1.0,1,1,8.005033344637111,4.110873864173311,8.005033344637111
374,0,0,1,1,0,1.0,1,0,7.8636512654486515,5.081404364984463,7.8636512654486515
375,1,1,2,1,1,1.0,1,0,7.3783837129967145,5.480638923341991,9.980494888896912
376,1,1,0,1,0,1.0,0,1,6.933423025730715,4.727387818712341,8.242493153187626
377,1,1,0,1,0,1.0,2,1,8.085486772102845,4.9344739331306915,8.447628728030327
378,1,1,0,1,0,1.0,0,1,8.670772279344538,4.9344739331306915,8.670772279344538
379,1,1,0,1,0,1.0,1,1,7.507141079727608,4.61512051684126,8.17188200612782
380,1,1,0,1,0,1.0,2,1,9.60784051043005,4.574710978503383,9.60784051043005
381,1,1,0,1,0,1.0,0,1,7.888709524182015,4.804021044733257,8.848939995030118
382,0,0,1,0,0,1.0,0,0,8.435332164935916,4.406719247264253,8.435332164935916
383,1,1,2,1,0,1.0,2,1,8.688790784847216,4.897839799950911,8.688790784847216
384,1,1,0,1,0,1.0,0,1,7.979681302387741,4.477336814478207,7.9851847886683345
385,1,0,0,0,0,1.0,1,1,7.907651594711089,4.110873864173311,7.907651594711089
386,0,0,1,1,1,1.0,2,1,9.062420241899561,5.017279836814924,9.062420241899561
387,1,0,0,1,0,0.0,0,0,8.77971129020447,4.663439094112067,8.77971129020447
388,1,0,0,1,0,1.0,2,1,9.463198053273784,6.0063531596017325,9.463198053273784
389,1,1,0,1,0,1.0,2,1,7.793999089503996,4.969813299576001,8.469262657658687
390,1,0,0,1,0,1.0,1,1,8.229777750081887,4.61512051684126,8.229777750081887
391,1,0,0,1,0,1.0,2,1,7.563719668414366,3.9318256327243257,8.236950048061455
392,1,0,0,1,1,0.0,1,0,9.251194365984448,5.236441962829949,9.251194365984448
393,0,1,0,0,1,1.0,0,1,8.873888135154973,4.9344739331306915,8.873888135154973
394,1,0,0,1,0,1.0,2,1,8.205491613120236,5.236441962829949,9.073947747070628
395,1,1,0,1,0,1.0,0,1,8.974871170971337,5.198497031265826,9.1834829178063
396,1,0,3,0,0,1.0,2,1,8.457018468380168,5.003946305945459,8.81001204797317
397,1,0,1,1,0,1.0,2,1,10.537945736747394,5.030437921392435,10.537945736747394
398,1,1,0,1,0,1.0,0,1,8.900276348631271,5.170483995038151,9.659311868393488
399,1,1,1,1,1,1.0,0,1,8.151044945685024,4.875197323201151,8.450412157725886
400,1,1,2,0,0,1.0,0,1,8.445267451844648,4.709530201312334,8.445267451844648
401,1,1,0,1,0,1.0,0,0,8.17188200612782,4.02535169073515,8.500250470685925
402,1,1,2,1,0,0.0,0,0,8.114025442356757,5.017279836814924,8.527341522468053
403,1,0,1,0,1,1.0,2,0,7.926602599181384,5.25227342804663,8.369157112588834
404,1,1,2,0,0,0.0,0,0,7.745002803515839,4.836281906951478,8.178919332848396
405,1,1,2,0,0,1.0,1,1,7.580189417944541,4.110873864173311,8.13593277200489
406,1,1,0,1,0,0.0,0,0,8.28121766128665,5.0106352940962555,8.645058562414134
407,1,1,0,1,0,0.0,0,1,7.81762544305337,4.51085950651685,8.507142855562735
408,1,0,0,1,1,1.0,2,1,8.865876285425417,4.442651256490317,8.865876285425417
409,1,1,2,1,0,1.0,2,1,8.258422462458876,4.574710978503383,8.258422462458876
410,1,1,0,1,0,1.0,1,1,8.366835309827675,4.77912349311153,8.366835309827675
411,1,1,0,1,0,1.0,1,0,8.21851757748959,5.159055299214529,8.744806737401898
412,1,0,2,1,0,1.0,0,1,8.379079889286603,4.919980925828125,8.379079889286603
413,1,1,0,1,0,1.0,2,0,9.028218795184895,5.081404364984463,9.028218795184895
414,1,1,3,1,0,1.0,1,1,8.954286157204713,4.859812404361672,8.954286157204713
415,1,1,0,1,0,1.0,0,1,8.011686729127847,5.0369526024136295,8.557182839632397
416,0,0,1,0,0,1.0,2,1,8.554874258383926,4.890349128221754,8.554874258383926
417,1,0,0,1,0,0.0,2,0,8.334951631422454,4.59511985013459,8.334951631422454
418,1,0,0,1,0,1.0,0,1,8.699681400989514,4.948759890378168,8.699681400989514
419,1,1,3,0,0,0.0,1,0,7.988882253309227,4.2626798770413155,8.436416881388949
420,0,1,2,0,0,1.0,2,1,5.351858133476067,4.59511985013459,8.048149101665201
421,1,1,0,1,0,1.0,1,0,8.374246182096304,4.709530201312334,8.82246957226897
422,1,1,1,1,1,1.0,2,1,8.146419323098003,5.093750200806762,8.61794309451638
423,1,1,1,0,0,0.0,0,0,7.8838232148921525,4.736198448394496,8.331827004436057
424,1,1,3,1,0,1.0,2,1,8.453614209773367,4.61512051684126,8.453614209773367
425,0,0,0,1,1,1.0,1,1,7.824445930877619,4.543294782270004,7.824445930877619
426,1,0,2,1,0,1.0,0,1,8.618485442898109,5.093750200806762,9.228278517107196
427,1,1,2,1,1,1.0,0,1,9.71269017726113,5.017279836814924,9.772239265926174
428,1,1,2,1,0,1.0,2,1,8.81001204797317,5.442417710521793,9.042040056544483
429,1,1,1,1,1,1.0,2,1,9.721245992542345,4.465908118654584,9.847869128773116
430,0,0,0,0,0,1.0,0,1,8.37816098272068,5.043425116919247,8.37816098272068
431,1,1,3,0,0,1.0,0,1,8.037866234709618,4.736198448394496,8.037866234709618
432,1,1,0,1,0,1.0,2,1,7.642044402873258,4.859812404361672,8.562931083090092
433,1,1,0,1,0,1.0,2,1,9.290444616217844,5.459585514144159,9.290444616217844
434,1,1,2,1,0,1.0,2,1,9.0280988119824,5.5093883366279774,9.0280988119824
435,1,1,1,0,0,1.0,0,1,7.580189417944541,4.882801922586371,8.388222810119277
436,1,0,2,1,0,0.0,0,0,8.17413934342947,4.394449154672439,8.17413934342947
437,1,1,1,1,0,1.0,1,0,9.816512538521721,6.2166061010848646,9.816512538521721
438,1,1,2,1,1,1.0,2,1,8.430327258394575,5.081404364984463,8.80492526261806
439,1,0,0,1,0,1.0,1,0,7.798112628829788,4.330733340286331,7.798112628829788
440,1,0,0,0,0,1.0,2,1,7.90100705199242,4.574710978503383,8.609772372709331
441,1,1,1,0,0,1.0,1,1,8.58185670474196,5.231108616854587,8.774158291205957
442,1,0,0,0,0,1.0,0,1,8.213923595622743,4.709530201312334,8.213923595622743
443,0,0,0,0,1,1.0,2,1,9.756378687497916,5.420534999272286,9.756378687497916
444,1,1,0,1,0,0.0,0,0,8.188133414510478,4.787491742782046,8.657824321155983
445,0,1,1,1,0,1.0,2,1,8.109826276018477,4.663439094112067,8.352318548226004
446,1,1,0,0,0,1.0,0,1,7.8636512654486515,4.68213122712422,8.366602832783736
447,1,1,0,1,0,1.0,1,1,8.439447842791385,4.718498871295094,8.920389060080359
448,1,1,1,1,1,1.0,2,1,7.971085753505607,4.564348191467836,7.971085753505607
449,1,0,0,1,0,0.0,0,0,8.745761999375512,5.3471075307174685,9.277999020449997
450,0,0,0,1,0,1.0,0,1,6.470799503782602,4.736198448394496,8.37309184744198
451,0,0,0,1,0,1.0,2,1,8.058327306580958,4.61512051684126,8.058327306580958
452,1,1,2,1,0,1.0,2,1,8.490027523343468,5.342334251964811,9.258177701390343
453,1,1,1,0,0,1.0,0,0,8.30671904320269,4.9344739331306915,9.143452426434552
454,1,1,0,0,0,1.0,2,1,8.246695943718557,4.8283137373023015,8.575084669832014
455,1,1,2,1,0,1.0,0,1,8.163656176168432,5.497168225293202,8.978029932837156
456,1,1,0,1,0,1.0,1,1,9.944341546544393,6.175867270105761,10.221977646629885
457,1,1,0,1,1,1.0,1,1,7.8160138391590275,5.241747015059643,8.61122983334262
458,0,0,1,1,0,1.0,1,1,9.492733482494353,3.713572066704308,9.492733482494353
459,1,0,0,0,0,1.0,0,0,8.188411308079031,4.61512051684126,8.494129251817686
460,1,1,1,1,0,1.0,2,1,8.710454688248527,5.5254529391317835,8.995908761263994
461,1,1,2,1,0,1.0,1,1,8.096817470572319,5.003946305945459,8.579040594742317
462,1,1,0,1,0,1.0,2,0,7.664346632098617,4.2626798770413155,9.082166033252674
463,1,0,0,1,0,1.0,0,0,8.668368019213355,5.7430031878094825,9.157150543462064
464,1,1,3,1,0,1.0,0,1,8.151044945685024,5.017279836814924,8.838551790227402
465,0,1,2,1,0,1.0,2,1,7.616775808698373,4.736198448394496,8.20631072579402
466,1,0,0,1,0,1.0,2,0,8.451907724717607,5.225746673713202,8.794673401383422
467,0,0,0,0,0,1.0,0,0,8.131824785007195,4.564348191467836,8.131824785007195
468,1,1,2,0,0,1.0,2,1,7.693025748417888,3.828641396489095,8.277666160851503
469,1,0,0,1,0,1.0,2,1,7.824445930877619,4.02535169073515,7.824445930877619
470,1,1,3,1,1,1.0,0,1,8.644354337032917,4.61512051684126,8.868131713503033
471,1,1,2,1,1,1.0,0,1,8.980801413573113,6.175867270105761,9.623442907213558
472,1,1,2,1,1,1.0,0,1,9.770013301136158,5.993961427306569,9.770013301136158
473,1,1,0,1,0,1.0,2,1,8.236420527265391,4.709530201312334,8.236420527265391
474,1,1,1,0,0,0.0,2,1,8.572817095164234,5.087596335232384,8.812248018197431
475,1,0,1,0,0,1.0,2,1,7.893572073504902,4.553876891600541,8.289539484624141
476,1,0,0,0,0,1.0,2,1,8.822322177471738,4.875197323201151,8.822322177471738
477,1,1,0,1,0,1.0,0,1,6.933423025730715,5.37989735354046,8.783549477153265
478,1,1,3,1,0,1.0,1,1,8.362175469149628,4.61512051684126,8.362175469149628
479,1,0,2,1,0,0.0,0,0,8.185628891147607,4.709530201312334,8.185628891147607
480,1,0,1,1,0,1.0,2,0,9.328212292571072,5.2832037287379885,9.328212292571072
481,0,0,0,0,1,1.0,1,1,9.80730699406216,4.836281906951478,9.80730699406216
482,1,0,0,0,0,1.0,0,1,7.844240718141811,4.844187086458591,8.432288684325794
483,1,1,0,1,0,1.0,1,1,8.721602344674197,5.783825182329737,9.214332393245721
484,1,0,2,1,0,1.0,2,1,8.193676665955241,4.68213122712422,8.193676665955241
485,1,1,0,0,0,1.0,0,0,7.978653729082731,4.204692619390966,8.147288258706624
486,1,1,3,1,0,1.0,0,1,8.766861821669803,5.062595033026967,8.766861821669803
487,0,1,1,1,0,1.0,2,1,8.435766192720509,4.948759890378168,8.916506080039204
488,0,0,0,1,0,0.0,2,0,7.668093709082406,4.605170185988092,7.668093709082406
489,0,0,1,1,0,1.0,2,1,8.203304026795282,4.564348191467836,8.203304026795282
490,1,1,1,0,0,1.0,1,1,7.7142311448490855,4.859812404361672,8.46884293047519
491,0,1,0,0,0,1.0,2,1,8.012349639327795,4.634728988229636,8.210939733379021
492,1,1,0,1,0,1.0,0,1,7.926241523170962,5.049856007249537,8.459352191726387
493,1,0,0,0,0,1.0,2,0,8.119398589612294,4.394449154672439,8.119398589612294
494,1,0,0,1,0,1.0,0,1,7.834788107388194,4.983606621708336,8.368693183097793
495,0,0,0,1,0,0.0,2,0,8.517393171418904,4.6443908991413725,8.517393171418904
496,1,1,0,1,0,1.0,0,1,7.932362154339751,4.709530201312334,8.4767877767812
497,1,1,1,1,0,1.0,1,1,8.111928063310739,5.0689042022202315,8.792397742356906
498,1,1,0,0,0,0.0,1,0,7.805882040228621,5.204006687076795,8.473868066677865
499,1,1,0,1,0,0.0,0,0,8.187021067343505,4.890349128221754,8.969541885423252
500,1,1,1,1,0,1.0,2,1,8.606851063346772,3.295836866004329,8.77971129020447
501,0,0,0,1,0,1.0,1,1,7.889084407035514,4.442651256490317,8.36474106822456
502,1,1,3,1,1,1.0,2,1,9.224243277145174,5.564520407322694,9.224243277145174
503,1,1,0,1,0,1.0,2,1,8.265650165580329,5.093750200806762,8.788288460263619
504,0,1,0,1,0,1.0,2,1,8.338305731356565,5.209486152841421,8.777555453213056
505,1,1,2,0,0,1.0,2,1,8.209580483475577,4.6913478822291435,8.273336598504486
506,0,1,1,1,1,1.0,2,1,9.87740021777281,6.398594934535208,9.87740021777281
507,1,1,0,1,0,1.0,0,1,8.68676717538769,5.356586274672012,8.984443032465352
508,1,0,0,0,1,1.0,2,1,8.665785595466064,4.890349128221754,8.665785595466064
509,1,1,2,1,0,0.0,1,0,9.082507000466299,5.556828061699537,9.082507000466299
510,1,1,0,0,0,1.0,0,1,8.404696160189092,4.795790545596741,8.404696160189092
511,1,0,0,1,0,1.0,1,1,8.111928063310739,4.2626798770413155,8.111928063310739
512,1,1,3,1,0,0.0,0,0,8.131824785007195,4.820281565605037,8.682877107057168
513,0,0,0,1,0,1.0,1,0,7.774435510302958,2.302585092994046,7.774435510302958
514,1,1,0,1,0,0.0,1,0,8.06054004653864,4.653960350157523,8.562357743370612
515,1,1,1,1,0,1.0,1,1,8.136810863675537,5.231108616854587,8.550241045462437
516,1,1,2,1,0,1.0,1,1,9.721185995542177,5.62040086571715,9.721185995542177
517,1,1,2,0,0,1.0,2,0,8.72029728739272,5.236441962829949,8.955577146281511
518,1,1,3,1,0,1.0,2,0,8.765146421639022,5.017279836814924,8.765146421639022
519,1,1,2,1,0,1.0,1,1,8.058327306580958,4.6913478822291435,8.19450550976564
520,1,0,0,1,0,1.0,1,1,8.080237416216702,4.709530201312334,8.69433468816865
521,1,1,1,1,0,1.0,0,1,7.48605261786314,4.68213122712422,8.297792626380861
522,1,0,0,1,0,1.0,1,1,8.065579427282092,5.087596335232384,8.716044050161402
523,1,1,2,1,0,1.0,2,1,8.785845337961213,5.327876168789581,8.785845337961213
524,1,0,0,1,0,1.0,1,0,7.515889085215125,4.51085950651685,10.482177411118249
525,0,1,0,1,0,1.0,2,1,8.06054004653864,3.6109179126442243,8.06054004653864
526,1,1,1,1,0,1.0,0,0,7.53955882930103,4.127134385045092,7.53955882930103
527,1,1,1,1,0,0.0,0,0,7.933079771880415,4.990432586778736,8.45638105201948
528,1,1,1,1,0,1.0,0,0,8.36264243156764,5.153291594497779,8.8934354408475
529,1,1,0,1,0,1.0,1,1,7.739794458408701,4.653960350157523,8.24800570160062
530,0,0,0,0,0,1.0,2,1,7.680637427560936,4.2626798770413155,7.680637427560936
531,1,1,2,1,1,0.0,2,0,7.910957382845589,4.672828834461906,7.910957382845589
532,1,1,0,1,0,1.0,2,1,8.006700845440367,4.04305126783455,8.766705997750515
533,1,1,2,1,1,1.0,2,0,8.699681400989514,5.327876168789581,8.699681400989514
534,1,1,0,1,0,1.0,0,1,8.258422462458876,4.962844630259907,8.87626525995469
535,1,1,0,1,1,1.0,1,1,9.687878048875998,5.564520407322694,9.687878048875998
536,1,0,0,0,0,1.0,0,1,8.251663923605589,4.709530201312334,8.251663923605589
537,1,1,2,0,1,1.0,0,0,8.761550139129644,5.236441962829949,8.907070776182689
538,1,1,0,1,1,1.0,0,1,9.20673387638207,5.198497031265826,9.20673387638207
539,1,1,2,1,0,1.0,1,1,8.662331957082475,5.262690188904886,8.662331957082475
540,0,0,3,1,0,1.0,1,0,6.0330862217988015,5.860786223465865,10.647422899928179
541,1,1,0,0,0,1.0,0,1,7.970740390007095,5.049856007249537,8.645938147306799
542,1,1,3,1,0,1.0,1,1,8.648922962094131,4.859812404361672,8.648922962094131
543,1,0,0,1,0,1.0,0,1,8.209852481301272,5.153291594497779,8.984443032465352
544,0,1,1,1,0,1.0,2,1,9.392745258631441,6.208590026096629,9.392745258631441
545,1,1,1,1,0,1.0,2,1,8.131824785007195,5.159055299214529,8.682877107057168
546,1,1,2,0,0,1.0,0,1,8.291045131081729,5.062595033026967,8.593969030218288
547,1,1,0,1,0,1.0,0,1,8.081165777725433,4.6913478822291435,8.553139318189707
548,0,0,0,1,0,1.0,0,1,7.972810784121404,4.276666119016055,7.972810784121404
549,1,1,3,1,0,1.0,0,1,8.320448113956559,3.713572066704308,8.320448113956559
550,1,1,1,1,0,1.0,1,1,8.996280439395015,5.537334267018537,9.025575833531088
551,1,1,2,1,0,1.0,1,1,8.933796043934858,5.236441962829949,8.933796043934858
552,0,0,0,1,1,0.0,2,0,8.430327258394575,4.897839799950911,8.430327258394575
